1,James,2249158842,"74 St Osmunds Road, Poole,BH14 9JX"
2,Robert,4985805271,"39A Gurdon Road, London,SE7 7RP"
3,John,4975734507,"Swyn Y Brenig, Pontrhydfendigaid Road, Tregaron,SY25 6HH"
4,Michael,7997024621,"112 The Old Common, Chalford,GL6 8JT"
5,David,7772179728,"Maison Bleu, Send Marsh Road, Ripley,GU23 6JB"
6,William,3117313673,"2 Ellis Barnes Cottages, Quentin Road, Chapel En Le Frith,SK23 0JU"
7,Richard,9825014982,"20 Kingston Avenue, Clevedon,BS21 6DT"
8,Joseph,9249062036,"94 Welland Road, Tonbridge,TN10 3TD"
9,Thomas,4287423226,"18 Lindsay Avenue, Manchester,M19 2AG"
10,Christopher,7048150497,"16A Welton Road, Radstock,BA3 3UA"
11,Charles,7989247547,"2 Barcote Barn Cottages, Buckland,SN7 8JL"
12,Daniel,5588166408,"9 Oakmere Close, Wirral,CH46 3RJ"
13,Matthew,6523727069,"17 Ormsby Grove, Birmingham,B27 7JW"
14,Anthony,5465642699,"2 Annefield Park, Gresford,LL12 8NS"
15,Mark,7169991785,"17 St Johns Row, Middlesbrough,TS6 7HL"
16,Donald,6533868791,"Flat 4, Godre'r Gest, Penamser Road, Porthmadog,LL49 9NY"
17,Steven,3632531696,"16 Rothley Way, Whitley Bay,NE26 3EW"
18,Andrew,7537825763,"44 Rosslyn Street, Liverpool,L17 7DW"
19,Paul,7292995963,"8 Kingston Grove, Manchester,M9 6HD"
20,Joshua,5367330424,"27 Middle Way, Watford,WD24 6HN"
21,Kenneth,5903372486,"Flat A, 103 Gloucester Road, London,SW7 4SS"
22,Kevin,2832649464,"40 Whitburn, Skelmersdale,WN8 8HQ"
23,Brian,5567387826,"61 Lotherington Avenue, York,YO10 3SQ"
24,George,4517244321,"Flat 4, Lincoln Court, London Road, Liphook,GU30 7TB"
25,Timothy,4678792293,"2 Ark Royal Court, Sleaford,NG34 7JU"
26,Ronald,3687455780,"8 Rothesay Close, Cusworth,DN5 8UN"
27,Jason,2715281644,"3 Hightrees Court, Gilwern,NP7 0AJ"
28,Edward,7003245301,"6 Brede Close, St. Leonards-On-Sea,TN37 7QT"
29,Jeffrey,6068639894,"5 Old Street, Ludlow,SY8 1NW"
30,Ryan,6105142777,"20 Dearne Court, Brough,HU15 1GL"
31,Jacob,2858469399,"Flat 13, Penn Court, 12 North End Road, London,W14 0SH"
32,Gary,8364635956,"67 Midland Road, Royston,S71 4QW"
33,Nicholas,7377436248,"14 New Dover Road, Canterbury,CT1 3AP"
34,Eric,4154874385,"Apartment 27, Theatro Tower, Creek Road, London,SE8 3FD"
35,Jonathan,7174196530,"1 Gorse Villas, Mostyn,CH8 9DZ"
36,Stephen,6617620159,"6 Westwood Road, Liverpool,L18 9SR"
37,Larry,2444388880,"7 Sandcroft Close, York,YO24 2TE"
38,Justin,8836200278,"18A Quarrendon Road, Amersham,HP7 9EF"
39,Scott,3803923361,"8 Grisedale Close, Cardiff,CF23 5NX"
40,Brandon,9546510929,"13 Marlow Road, London,E6 3QG"
41,Benjamin,6955126042,"13 Bracken Grove, Mirfield,WF14 0EX"
42,Samuel,5863799817,"Flat 2, 127 River Mount,KT21 2LR"
43,Gregory,3718899101,"22 Mackworth Drive, Cimla,SA11 2BR"
44,Alexander,9016415625,"The Boat House, 1 Shore Path, Cowes,PO31 8LL"
45,Patrick,2312098749,"5 Cottonwood Grove, Brockworth,GL3 4FU"
46,Frank,6638560106,"Power House, Harrison Close, Knowlhill,MK5 8PA"
47,Raymond,7803867874,"18 Jowett, Tamworth,B77 2RJ"
48,Jack,4634653394,"11 Normandy Close, Hampton Magna,CV35 8UB"
49,Dennis,2655071840,"4 The Paddock, Newbold Verdon,LE9 9NW"
50,Jerry,6629204252,"Hill Cottage, Old Grantham Road, Whatton,NG13 9FR"
51,Tyler,6198207214,"Unit 3 Industry Park, Chippenham,SN15 3EQ"
52,Aaron,4948225596,"3 Maypole Close, Castle Bytham,NG33 4SH"
53,Jose,5479893029,"187 Manningham Lane, Bradford,BD8 7HP"
54,Adam,4904853376,"26B Court Close, Abermule,SY15 6NU"
55,Nathan,5744955506,"5 Arundel Drive, Corringham,SS17 7PG"
56,Henry,2343122751,"5 Haddon Road, Bakewell,DE45 1AW"
57,Zachary,4852161133,"27 Lon Bedw, Rhyl,LL18 4FY"
58,Douglas,9622814767,"123 Carr Road, Fleetwood,FY7 6QQ"
59,Peter,9123172874,"126 Stokes Road, London,E6 3SE"
60,Kyle,8584305078,"27 Highlands Road, Fareham,PO15 6AB"
61,Noah,6287275278,"1 Cheniston Gardens Studios, 20 Cheniston Gardens, London,W8 6TL"
62,Ethan,6846193163,"Ivy House, Silksworth Lane, East Herrington,SR3 3PP"
63,Jeremy,2008837006,"37 Weihurst Gardens, Sutton,SM1 4PQ"
64,Walter,9774090127,"50A Stoke Newington Church Street, London,N16 0NB"
65,Christian,2769624561,"Black Horse Farm, Burrill,DL8 1RT"
66,Keith,2128640691,"3 Brampton Lane, Portsmouth,PO3 5TB"
67,Roger,7952104488,"8 Ebridge Court, Edward Street, Bingley,BD16 2PD"
68,Terry,7007349023,"19 Hilda Street, Ossett,WF5 0JJ"
69,Austin,3052145826,"Flat 10, Springwell Court, 2 Millfield Close, Hornchurch,RM11 1GS"
70,Sean,4699179275,"23A Oakwood Road, Bricket Wood,AL2 3PT"
71,Gerald,6754037665,"6 Clippesby Close, Chessington,KT9 2DX"
72,Carl,7197711692,"175 Applegarth Avenue, Guildford,GU2 8LP"
73,Harold,9163563721,"23 Granville Road, Audenshaw,M34 5SX"
74,Dylan,2145861719,"4 Sea Bank Road, Chapel St Leonards,PE24 5QS"
75,Arthur,8928441706,"3 The Limes, Farningham,DA4 0BL"
76,Lawrence,4738730051,"47B Cemetery Road, Danesmoor,S45 9RL"
77,Jordan,2939546192,"10 Norfolk Street, Lincoln,LN1 1SA"
78,Jesse,6334505568,"12 Park Road, Corringham,SS17 7PX"
79,Bryan,9322406758,"5 Higher Millhayes, Hemyock,EX15 3SN"
80,Billy,6972057081,"16 Chilton Close, Leigh,WN7 1SW"
81,Bruce,5546418147,"81 Victoria Road, Handsworth,B21 0SD"
82,Gabriel,6527433684,"354 Princess Drive, Liverpool,L14 8XG"
83,Joe,6329079761,"72 Lichfield Road, Walsall,WS4 2DL"
84,Logan,9436524676,"5 St Cuthbert Road, Bridlington,YO16 7SR"
85,Alan,2992493259,"47 Trelander North, Truro,TR1 1PR"
86,Juan,9454426010,"5 Petersfield Court, Hall Green,B28 9BL"
87,Albert,7819237284,"2 The Paddock, The Street, Bishops Cannings,SN10 2LD"
88,Willie,9099453514,"19 Fanshawe Crescent, Hornchurch,RM11 2DD"
89,Elijah,7605327833,"26 Bath Street, Waterloo,L22 5PS"
90,Wayne,2475539331,"24 Scarborough Drive, Leigh-On-Sea,SS9 3EE"
91,Randy,6392866579,"57 Gowan Road, Birmingham,B8 3JJ"
92,Vincent,7467875378,"4 Barns Close, Dulverton,TA22 9DZ"
93,Mason,8513924745,"8 Roy Gardens, Ilford,IG2 7QQ"
94,Roy,8337290759,"200A Wood End Lane, Northolt,UB5 4JR"
95,Ralph,8193681388,"49 Minden Way, Pontefract,WF8 4BL"
96,Bobby,3636216417,"2 Mafeking Avenue, Leeds,LS11 7BZ"
97,Russell,3994052934,"3 Oak Lane, Cuffley,EN6 4JZ"
98,Bradley,2316561283,"106 Bakers Ground, Stoke Gifford,BS34 8GF"
99,Philip,5756740717,"St Davids, Chepstow Road, Langstone,NP18 2JR"
100,Eugene,9267825093,"368 Prestwick Road, South Oxhey,WD19 6UR"
